-- phpMyAdmin SQL Dump
-- version 5.2.1
-- https://www.phpmyadmin.net/
--
-- Host: localhost:3306
-- Generation Time: Jan 08, 2025 at 12:01 PM
-- Server version: 10.6.15-MariaDB-cll-lve
-- PHP Version: 8.3.14

SET SQL_MODE = "NO_AUTO_VALUE_ON_ZERO";
START TRANSACTION;
SET time_zone = "+00:00";


/*!40101 SET @OLD_CHARACTER_SET_CLIENT=@@CHARACTER_SET_CLIENT */;
/*!40101 SET @OLD_CHARACTER_SET_RESULTS=@@CHARACTER_SET_RESULTS */;
/*!40101 SET @OLD_COLLATION_CONNECTION=@@COLLATION_CONNECTION */;
/*!40101 SET NAMES utf8mb4 */;

--
-- Database: `keve8286_SIALAN`
--

-- --------------------------------------------------------

--
-- Table structure for table `BUKU_BESAR`
--

CREATE TABLE `BUKU_BESAR` (
  `ID_BB` char(10) NOT NULL,
  `KODE_AKUN` decimal(4,0) DEFAULT NULL,
  `REF` char(10) DEFAULT NULL,
  `DEBIT` char(10) DEFAULT NULL,
  `KREDIT` char(10) DEFAULT NULL,
  `SALDO_DEBIT` char(10) DEFAULT NULL,
  `SALDO_KREDIT` char(10) DEFAULT NULL
) ENGINE=InnoDB DEFAULT CHARSET=latin1 COLLATE=latin1_swedish_ci;

-- --------------------------------------------------------

--
-- Table structure for table `CUSTOMER`
--

CREATE TABLE `CUSTOMER` (
  `NIK_CUTOMER` decimal(16,0) NOT NULL,
  `NAMA_CUSTOMER` varchar(50) DEFAULT NULL,
  `EMAIL` varchar(100) DEFAULT NULL
) ENGINE=InnoDB DEFAULT CHARSET=latin1 COLLATE=latin1_swedish_ci;

--
-- Dumping data for table `CUSTOMER`
--

INSERT INTO `CUSTOMER` (`NIK_CUTOMER`, `NAMA_CUSTOMER`, `EMAIL`) VALUES
(123, 'Satu Dua Tiga', '123@123.com'),
(998, 'yogi', 'jjjj@gmail.com');

-- --------------------------------------------------------

--
-- Table structure for table `DETAIL_NOTA_JUAL`
--

CREATE TABLE `DETAIL_NOTA_JUAL` (
  `ID_DETAIL_NOTA_JUAL` varchar(25) NOT NULL,
  `NOMOR_NOTA` varchar(20) DEFAULT NULL,
  `KD_BARANG` varchar(10) DEFAULT NULL,
  `JUMLAH` decimal(5,0) DEFAULT NULL
) ENGINE=InnoDB DEFAULT CHARSET=latin1 COLLATE=latin1_swedish_ci;

--
-- Dumping data for table `DETAIL_NOTA_JUAL`
--

INSERT INTO `DETAIL_NOTA_JUAL` (`ID_DETAIL_NOTA_JUAL`, `NOMOR_NOTA`, `KD_BARANG`, `JUMLAH`) VALUES
('DNJB24E373E191', 'NTJB179CF99E4E', 'KDBGF89AA6', 2),
('DNJB298C8F9537', 'NTJB6D60D8C724', 'KDBG6E7B9F', 1),
('DNJB328316B679', 'NTJB3AF0C2E48C', 'KDBGF89AA6', 9),
('DNJB3D2AFC7862', 'NTJB179CF99E4E', 'KDBG6E7B9F', 1),
('DNJB40A070C14E', 'NTJBF76212A2BA', 'KDBGF89AA6', 2),
('DNJB7A02943727', 'NTJB6D60D8C724', 'KDBGF89AA6', 1),
('DNJBB03CCACB55', 'NTJBD3322A877B', 'KDBGF89AA6', 2);

-- --------------------------------------------------------

--
-- Table structure for table `JURNAL_UMUM`
--

CREATE TABLE `JURNAL_UMUM` (
  `ID_JURNAL_UMUM` varchar(25) NOT NULL,
  `KD_DEBIT` decimal(4,0) DEFAULT NULL,
  `KD_KREDIT` decimal(4,0) DEFAULT NULL,
  `KD_DEBIT2` decimal(4,0) DEFAULT NULL,
  `KD_KREDIT2` decimal(4,0) DEFAULT NULL,
  `TANGGAL` date DEFAULT NULL,
  `REF` varchar(20) DEFAULT NULL,
  `DEBIT` decimal(25,0) DEFAULT NULL,
  `KREDIT` decimal(25,0) DEFAULT NULL,
  `DEBIT2` decimal(25,0) DEFAULT NULL,
  `KREDIT2` decimal(25,0) DEFAULT NULL
) ENGINE=InnoDB DEFAULT CHARSET=latin1 COLLATE=latin1_swedish_ci;

--
-- Dumping data for table `JURNAL_UMUM`
--

INSERT INTO `JURNAL_UMUM` (`ID_JURNAL_UMUM`, `KD_DEBIT`, `KD_KREDIT`, `KD_DEBIT2`, `KD_KREDIT2`, `TANGGAL`, `REF`, `DEBIT`, `KREDIT`, `DEBIT2`, `KREDIT2`) VALUES
('JU0125-07E3924D2C200C8F', 1101, 1201, NULL, NULL, '2025-01-08', 'CCPTDCCC66E98394B60E', 20000, 20000, NULL, NULL),
('JU0125-361497249E13C808', 1101, 4101, 1201, NULL, '2025-01-08', 'NTJBF76212A2BA', 10000, 30000, 20000, NULL),
('JU0125-4FF4E78CAB8441B2', 1101, 1201, NULL, NULL, '2025-01-08', 'CCPT85C6E4A6C79B28E7', 5000, 5000, NULL, NULL),
('JU0125-575CB695D1DE5807', 1101, 4101, NULL, NULL, '2025-01-08', 'NTJB6D60D8C724', 40500, 40500, NULL, NULL),
('JU0125-B3C8B80714A2C43A', 1101, 4101, 1201, NULL, '2025-01-08', 'NTJB179CF99E4E', 15000, 60000, 45000, NULL),
('JU0125-B6392EB2D22DCF99', 1101, 4101, NULL, NULL, '2025-01-08', 'NTJB3AF0C2E48C', 121500, 121500, NULL, NULL),
('JU0125-EECCA569967D28D5', 1101, 4101, NULL, NULL, '2025-01-08', 'NTJBD3322A877B', 30000, 30000, NULL, NULL),
('JU0125-F7BC55CEC2323A1C', 1101, 4201, NULL, NULL, '2025-01-08', 'TMBP94ABF0A3E81B21FE', 10000, 10000, NULL, NULL);

-- --------------------------------------------------------

--
-- Table structure for table `KARYAWAN`
--

CREATE TABLE `KARYAWAN` (
  `NIK_KARYAWAN` decimal(16,0) NOT NULL,
  `NAMA_KARYAWAN` varchar(50) DEFAULT NULL,
  `EMAIL` varchar(100) DEFAULT NULL,
  `PASSWORD` varchar(50) DEFAULT NULL
) ENGINE=InnoDB DEFAULT CHARSET=latin1 COLLATE=latin1_swedish_ci;

--
-- Dumping data for table `KARYAWAN`
--

INSERT INTO `KARYAWAN` (`NIK_KARYAWAN`, `NAMA_KARYAWAN`, `EMAIL`, `PASSWORD`) VALUES
(123, 'test321', '123@123.com', '12333'),
(234, 'test234', '234@234.com', '234'),
(345, '345', '345@345.com', '345'),
(369, 'test3699', '369@369.com', '369'),
(1234567890123456, 'Andi Setiawan', 'andi.setiawan@example.com', 'password123');

-- --------------------------------------------------------

--
-- Table structure for table `KODE_AKUN`
--

CREATE TABLE `KODE_AKUN` (
  `KODE_AKUN` decimal(4,0) NOT NULL,
  `NAMA_AKUN` varchar(100) DEFAULT NULL
) ENGINE=InnoDB DEFAULT CHARSET=latin1 COLLATE=latin1_swedish_ci;

--
-- Dumping data for table `KODE_AKUN`
--

INSERT INTO `KODE_AKUN` (`KODE_AKUN`, `NAMA_AKUN`) VALUES
(1101, 'Kas'),
(1201, 'Piutang'),
(4101, 'Pendapatan Jual Barang'),
(4201, 'Pendapatan Membership');

-- --------------------------------------------------------

--
-- Table structure for table `MASTER_BARANG`
--

CREATE TABLE `MASTER_BARANG` (
  `KD_BARANG` varchar(10) NOT NULL,
  `NAMA_BARANG` varchar(100) DEFAULT NULL,
  `HARGA_BARANG` decimal(25,0) DEFAULT NULL,
  `STATUS` decimal(1,0) DEFAULT NULL
) ENGINE=InnoDB DEFAULT CHARSET=latin1 COLLATE=latin1_swedish_ci;

--
-- Dumping data for table `MASTER_BARANG`
--

INSERT INTO `MASTER_BARANG` (`KD_BARANG`, `NAMA_BARANG`, `HARGA_BARANG`, `STATUS`) VALUES
('KDBG6E7B9F', 'Meja', 30000, 1),
('KDBGF89AA6', 'Kursi', 15000, 1);

-- --------------------------------------------------------

--
-- Table structure for table `MASTER_MEMBERSHIP`
--

CREATE TABLE `MASTER_MEMBERSHIP` (
  `ID_MASTER_MEMBERSHIP` varchar(10) NOT NULL,
  `NIK_KARYAWAN` decimal(16,0) DEFAULT NULL,
  `NAMA_MEMBERSHIP` varchar(100) DEFAULT NULL,
  `HARGA_MEMBERSHIP` decimal(25,0) DEFAULT NULL,
  `POTONGAN_` decimal(2,0) DEFAULT NULL,
  `STATUS` decimal(1,0) DEFAULT NULL,
  `LAST_UPDATED` timestamp NOT NULL DEFAULT current_timestamp() ON UPDATE current_timestamp()
) ENGINE=InnoDB DEFAULT CHARSET=latin1 COLLATE=latin1_swedish_ci;

--
-- Dumping data for table `MASTER_MEMBERSHIP`
--

INSERT INTO `MASTER_MEMBERSHIP` (`ID_MASTER_MEMBERSHIP`, `NIK_KARYAWAN`, `NAMA_MEMBERSHIP`, `HARGA_MEMBERSHIP`, `POTONGAN_`, `STATUS`, `LAST_UPDATED`) VALUES
('MMBP184CA5', 1234567890123456, 'uyy', 655, 62, 1, '2025-01-07 03:19:49'),
('MMBP9C3C66', 1234567890123456, 'silver', 10000, 10, 1, '2025-01-07 03:19:16'),
('MMBPFA8AF0', 1234567890123456, 'vdeduehs', 1549, 18, 1, '2025-01-07 04:09:16');

-- --------------------------------------------------------

--
-- Table structure for table `MASTER_METODE_PEMBAYARAN`
--

CREATE TABLE `MASTER_METODE_PEMBAYARAN` (
  `ID_MMPN` varchar(10) NOT NULL,
  `NAMA_MPPN` varchar(100) DEFAULT NULL,
  `STATUS` decimal(1,0) DEFAULT NULL
) ENGINE=InnoDB DEFAULT CHARSET=latin1 COLLATE=latin1_swedish_ci;

--
-- Dumping data for table `MASTER_METODE_PEMBAYARAN`
--

INSERT INTO `MASTER_METODE_PEMBAYARAN` (`ID_MMPN`, `NAMA_MPPN`, `STATUS`) VALUES
('MMPN3DCE21', 'bca', 1),
('MMPN4C00CC', 'Hutang', 1),
('MMPNE8FC16', 'Kas', 1),
('MMPNF969FB', 'QRIS OCBC', 1);

-- --------------------------------------------------------

--
-- Table structure for table `NOTA_JUAL`
--

CREATE TABLE `NOTA_JUAL` (
  `NOMOR_NOTA` varchar(20) NOT NULL,
  `NIK_CUTOMER` decimal(16,0) DEFAULT NULL,
  `NIK_KARYAWAN` decimal(16,0) DEFAULT NULL,
  `ID_MMPN` varchar(10) DEFAULT NULL,
  `TIMESTAMP` timestamp NOT NULL DEFAULT current_timestamp() ON UPDATE current_timestamp(),
  `GRAND_TOTAL` decimal(25,0) DEFAULT NULL
) ENGINE=InnoDB DEFAULT CHARSET=latin1 COLLATE=latin1_swedish_ci;

--
-- Dumping data for table `NOTA_JUAL`
--

INSERT INTO `NOTA_JUAL` (`NOMOR_NOTA`, `NIK_CUTOMER`, `NIK_KARYAWAN`, `ID_MMPN`, `TIMESTAMP`, `GRAND_TOTAL`) VALUES
('NTJB179CF99E4E', 123, 1234567890123456, 'MMPN4C00CC', '2025-01-08 04:25:19', 60000),
('NTJB3AF0C2E48C', 998, 1234567890123456, 'MMPNF969FB', '2025-01-08 04:58:03', 121500),
('NTJB6D60D8C724', 998, 1234567890123456, 'MMPNF969FB', '2025-01-08 03:05:24', 40500),
('NTJBD3322A877B', 123, 1234567890123456, 'MMPNE8FC16', '2025-01-08 04:24:32', 30000),
('NTJBF76212A2BA', 998, 1234567890123456, 'MMPN4C00CC', '2025-01-08 03:05:59', 30000);

-- --------------------------------------------------------

--
-- Table structure for table `PIUTANG_CUSTOMER`
--

CREATE TABLE `PIUTANG_CUSTOMER` (
  `ID_PIUTANG_CUSTOMER` varchar(20) NOT NULL,
  `NOMOR_NOTA` varchar(20) DEFAULT NULL,
  `JUMLAH_PIUTANG` decimal(25,0) DEFAULT NULL
) ENGINE=InnoDB DEFAULT CHARSET=latin1 COLLATE=latin1_swedish_ci;

--
-- Dumping data for table `PIUTANG_CUSTOMER`
--

INSERT INTO `PIUTANG_CUSTOMER` (`ID_PIUTANG_CUSTOMER`, `NOMOR_NOTA`, `JUMLAH_PIUTANG`) VALUES
('PTCS03FB7FADC6F19CD6', 'NTJB179CF99E4E', 45000),
('PTCS5A7690235836BD53', 'NTJBF76212A2BA', 20000);

-- --------------------------------------------------------

--
-- Table structure for table `TRANS_CICILAN_PIUTANG`
--

CREATE TABLE `TRANS_CICILAN_PIUTANG` (
  `ID_CICILAN_PIUTANG` varchar(20) NOT NULL,
  `ID_PIUTANG_CUSTOMER` varchar(20) DEFAULT NULL,
  `JUMLAH_BAYAR` decimal(25,0) DEFAULT NULL,
  `WAKTU_CICIL` timestamp NOT NULL DEFAULT current_timestamp() ON UPDATE current_timestamp()
) ENGINE=InnoDB DEFAULT CHARSET=latin1 COLLATE=latin1_swedish_ci;

--
-- Dumping data for table `TRANS_CICILAN_PIUTANG`
--

INSERT INTO `TRANS_CICILAN_PIUTANG` (`ID_CICILAN_PIUTANG`, `ID_PIUTANG_CUSTOMER`, `JUMLAH_BAYAR`, `WAKTU_CICIL`) VALUES
('CCPT85C6E4A6C79B28E7', 'PTCS5A7690235836BD53', 5000, '2025-01-08 03:06:13'),
('CCPTDCCC66E98394B60E', 'PTCS03FB7FADC6F19CD6', 20000, '2025-01-08 04:25:55');

-- --------------------------------------------------------

--
-- Table structure for table `TRANS_MEMBERSHIP`
--

CREATE TABLE `TRANS_MEMBERSHIP` (
  `ID_TRANS_MEMBERSHIP` varchar(20) NOT NULL,
  `ID_MASTER_MEMBERSHIP` varchar(10) DEFAULT NULL,
  `NIK_CUTOMER` decimal(16,0) DEFAULT NULL,
  `NAMA_MEMBERSHIP` varchar(100) DEFAULT NULL,
  `HARGA_MEMBERSHIP` decimal(25,0) DEFAULT NULL,
  `POTONGAN_` decimal(2,0) DEFAULT NULL,
  `TIMESTAMP_HABIS` timestamp NOT NULL DEFAULT current_timestamp() ON UPDATE current_timestamp()
) ENGINE=InnoDB DEFAULT CHARSET=latin1 COLLATE=latin1_swedish_ci;

--
-- Dumping data for table `TRANS_MEMBERSHIP`
--

INSERT INTO `TRANS_MEMBERSHIP` (`ID_TRANS_MEMBERSHIP`, `ID_MASTER_MEMBERSHIP`, `NIK_CUTOMER`, `NAMA_MEMBERSHIP`, `HARGA_MEMBERSHIP`, `POTONGAN_`, `TIMESTAMP_HABIS`) VALUES
('TMBP94ABF0A3E81B21FE', 'MMBP9C3C66', 998, 'silver', 10000, 10, '2025-02-08 03:05:13');

--
-- Indexes for dumped tables
--

--
-- Indexes for table `BUKU_BESAR`
--
ALTER TABLE `BUKU_BESAR`
  ADD PRIMARY KEY (`ID_BB`),
  ADD KEY `FK_REFERENCE_24` (`KODE_AKUN`);

--
-- Indexes for table `CUSTOMER`
--
ALTER TABLE `CUSTOMER`
  ADD PRIMARY KEY (`NIK_CUTOMER`);

--
-- Indexes for table `DETAIL_NOTA_JUAL`
--
ALTER TABLE `DETAIL_NOTA_JUAL`
  ADD PRIMARY KEY (`ID_DETAIL_NOTA_JUAL`),
  ADD KEY `FK_REFERENCE_20` (`NOMOR_NOTA`),
  ADD KEY `FK_REFERENCE_21` (`KD_BARANG`);

--
-- Indexes for table `JURNAL_UMUM`
--
ALTER TABLE `JURNAL_UMUM`
  ADD PRIMARY KEY (`ID_JURNAL_UMUM`),
  ADD KEY `FK_REFERENCE_22` (`KD_DEBIT`),
  ADD KEY `FK_REFERENCE_23` (`KD_KREDIT`),
  ADD KEY `FK_REFERENCE_25` (`KD_DEBIT2`),
  ADD KEY `FK_REFERENCE_26` (`KD_KREDIT2`);

--
-- Indexes for table `KARYAWAN`
--
ALTER TABLE `KARYAWAN`
  ADD PRIMARY KEY (`NIK_KARYAWAN`);

--
-- Indexes for table `KODE_AKUN`
--
ALTER TABLE `KODE_AKUN`
  ADD PRIMARY KEY (`KODE_AKUN`);

--
-- Indexes for table `MASTER_BARANG`
--
ALTER TABLE `MASTER_BARANG`
  ADD PRIMARY KEY (`KD_BARANG`);

--
-- Indexes for table `MASTER_MEMBERSHIP`
--
ALTER TABLE `MASTER_MEMBERSHIP`
  ADD PRIMARY KEY (`ID_MASTER_MEMBERSHIP`),
  ADD KEY `FK_REFERENCE_16` (`NIK_KARYAWAN`);

--
-- Indexes for table `MASTER_METODE_PEMBAYARAN`
--
ALTER TABLE `MASTER_METODE_PEMBAYARAN`
  ADD PRIMARY KEY (`ID_MMPN`);

--
-- Indexes for table `NOTA_JUAL`
--
ALTER TABLE `NOTA_JUAL`
  ADD PRIMARY KEY (`NOMOR_NOTA`),
  ADD KEY `FK_REFERENCE_12` (`NIK_CUTOMER`),
  ADD KEY `FK_REFERENCE_13` (`NIK_KARYAWAN`),
  ADD KEY `FK_REFERENCE_14` (`ID_MMPN`);

--
-- Indexes for table `PIUTANG_CUSTOMER`
--
ALTER TABLE `PIUTANG_CUSTOMER`
  ADD PRIMARY KEY (`ID_PIUTANG_CUSTOMER`),
  ADD KEY `FK_REFERENCE_19` (`NOMOR_NOTA`);

--
-- Indexes for table `TRANS_CICILAN_PIUTANG`
--
ALTER TABLE `TRANS_CICILAN_PIUTANG`
  ADD PRIMARY KEY (`ID_CICILAN_PIUTANG`),
  ADD KEY `FK_REFERENCE_15` (`ID_PIUTANG_CUSTOMER`);

--
-- Indexes for table `TRANS_MEMBERSHIP`
--
ALTER TABLE `TRANS_MEMBERSHIP`
  ADD PRIMARY KEY (`ID_TRANS_MEMBERSHIP`),
  ADD KEY `FK_REFERENCE_17` (`ID_MASTER_MEMBERSHIP`),
  ADD KEY `FK_REFERENCE_18` (`NIK_CUTOMER`);

--
-- Constraints for dumped tables
--

--
-- Constraints for table `BUKU_BESAR`
--
ALTER TABLE `BUKU_BESAR`
  ADD CONSTRAINT `FK_REFERENCE_24` FOREIGN KEY (`KODE_AKUN`) REFERENCES `KODE_AKUN` (`KODE_AKUN`);

--
-- Constraints for table `DETAIL_NOTA_JUAL`
--
ALTER TABLE `DETAIL_NOTA_JUAL`
  ADD CONSTRAINT `FK_REFERENCE_20` FOREIGN KEY (`NOMOR_NOTA`) REFERENCES `NOTA_JUAL` (`NOMOR_NOTA`),
  ADD CONSTRAINT `FK_REFERENCE_21` FOREIGN KEY (`KD_BARANG`) REFERENCES `MASTER_BARANG` (`KD_BARANG`);

--
-- Constraints for table `JURNAL_UMUM`
--
ALTER TABLE `JURNAL_UMUM`
  ADD CONSTRAINT `FK_REFERENCE_22` FOREIGN KEY (`KD_DEBIT`) REFERENCES `KODE_AKUN` (`KODE_AKUN`),
  ADD CONSTRAINT `FK_REFERENCE_23` FOREIGN KEY (`KD_KREDIT`) REFERENCES `KODE_AKUN` (`KODE_AKUN`),
  ADD CONSTRAINT `FK_REFERENCE_25` FOREIGN KEY (`KD_DEBIT2`) REFERENCES `KODE_AKUN` (`KODE_AKUN`),
  ADD CONSTRAINT `FK_REFERENCE_26` FOREIGN KEY (`KD_KREDIT2`) REFERENCES `KODE_AKUN` (`KODE_AKUN`);

--
-- Constraints for table `MASTER_MEMBERSHIP`
--
ALTER TABLE `MASTER_MEMBERSHIP`
  ADD CONSTRAINT `FK_REFERENCE_16` FOREIGN KEY (`NIK_KARYAWAN`) REFERENCES `KARYAWAN` (`NIK_KARYAWAN`);

--
-- Constraints for table `NOTA_JUAL`
--
ALTER TABLE `NOTA_JUAL`
  ADD CONSTRAINT `FK_REFERENCE_12` FOREIGN KEY (`NIK_CUTOMER`) REFERENCES `CUSTOMER` (`NIK_CUTOMER`),
  ADD CONSTRAINT `FK_REFERENCE_13` FOREIGN KEY (`NIK_KARYAWAN`) REFERENCES `KARYAWAN` (`NIK_KARYAWAN`),
  ADD CONSTRAINT `FK_REFERENCE_14` FOREIGN KEY (`ID_MMPN`) REFERENCES `MASTER_METODE_PEMBAYARAN` (`ID_MMPN`);

--
-- Constraints for table `PIUTANG_CUSTOMER`
--
ALTER TABLE `PIUTANG_CUSTOMER`
  ADD CONSTRAINT `FK_REFERENCE_19` FOREIGN KEY (`NOMOR_NOTA`) REFERENCES `NOTA_JUAL` (`NOMOR_NOTA`);

--
-- Constraints for table `TRANS_CICILAN_PIUTANG`
--
ALTER TABLE `TRANS_CICILAN_PIUTANG`
  ADD CONSTRAINT `FK_REFERENCE_15` FOREIGN KEY (`ID_PIUTANG_CUSTOMER`) REFERENCES `PIUTANG_CUSTOMER` (`ID_PIUTANG_CUSTOMER`);

--
-- Constraints for table `TRANS_MEMBERSHIP`
--
ALTER TABLE `TRANS_MEMBERSHIP`
  ADD CONSTRAINT `FK_REFERENCE_17` FOREIGN KEY (`ID_MASTER_MEMBERSHIP`) REFERENCES `MASTER_MEMBERSHIP` (`ID_MASTER_MEMBERSHIP`),
  ADD CONSTRAINT `FK_REFERENCE_18` FOREIGN KEY (`NIK_CUTOMER`) REFERENCES `CUSTOMER` (`NIK_CUTOMER`);
COMMIT;

/*!40101 SET CHARACTER_SET_CLIENT=@OLD_CHARACTER_SET_CLIENT */;
/*!40101 SET CHARACTER_SET_RESULTS=@OLD_CHARACTER_SET_RESULTS */;
/*!40101 SET COLLATION_CONNECTION=@OLD_COLLATION_CONNECTION */;
